Category,Amount,share_percent
Online Shopping,8890978.32,23.619736324475245
Travel,7840023.405,20.827773833084166
Healthcare,7833685.075,20.810935451755448
Electronics,3585027.31,9.52396876143128
Clothing,3091665.065,8.213304656769383
Bills,2299544.795,6.108961215442429
Grocery,1961082.865,5.209804648555985
Transport,865543.095,2.2993982153102617
Food,717400.07,1.9058420662710696
Entertainment,557207.38,1.4802748269047272
