risk_group,so_luong,dti_trung_binh,low_q1,trung_binh,trung_vi,high_q3,chi_tieu_thang_tb
DTI cao + Stress cao,153,0.5417647058823529,363.63,516.0023529411765,526.62,671.6,2895.944509803922
Nhóm bình thường,2847,0.3403947368421053,361.495,499.9945943097998,495.67,639.3199999999999,3017.902065331928
