financial_stress_level,debt_structure,so_luong,low_q1,trung_binh,trung_vi,high_q3,min_value,max_value
High,An toàn (<=35%),256,348.625,492.268046875,480.44,637.9425,0.0,1158.74
High,Nguy hiểm (>35%),270,348.27750000000003,495.7454814814815,496.11,642.5274999999999,0.0,1030.86
Low,An toàn (<=35%),684,367.87,505.5021052631579,498.715,644.7325,0.0,1111.81
Low,Nguy hiểm (>35%),650,367.65000000000003,502.1956,495.495,639.415,0.0,1132.61
Medium,An toàn (<=35%),401,383.82,519.244987531172,525.44,658.09,0.0,1073.03
Medium,Nguy hiểm (>35%),390,355.4425,497.28000000000003,498.0,623.5225,0.0,1020.01
