financial_stress_level,debt_structure,so_luong,low_q1,trung_binh,trung_vi,high_q3,min_value,max_value
High,An toàn (<=35%),285,348.63,493.055403508772,480.76,636.08,0.0,1158.74
High,Nguy hiểm (>35%),270,348.27750000000003,495.7454814814815,496.11,642.5274999999999,0.0,1030.86
Low,An toàn (<=35%),871,363.175,505.09653272101036,498.34,645.54,0.0,1155.77
Low,Nguy hiểm (>35%),727,361.02,494.61392022008255,485.97,631.9849999999999,0.0,1132.61
Medium,An toàn (<=35%),457,379.58,513.3442013129103,518.99,653.28,0.0,1073.03
Medium,Nguy hiểm (>35%),390,355.4425,497.28000000000003,498.0,623.5225,0.0,1020.01
