savings_goal_met,count,avg_income,avg_expense,avg_savings_rate,status
0,2723,3859.229032006245,3090.131645244216,0.2263275798751377,Không đạt mục tiêu tiết kiệm
1,277,5376.606085271318,2240.498989169675,0.22166064981949457,Đạt mục tiêu tiết kiệm
